[
  {
    "id": "6f64a696-c892-440b-a2b1-f3590db4caf3",
    "data": [
      {
        "text": "okay",
        "userDefined": false
      }
    ],
    "isTemplate": false,
    "count": 0,
    "updated": 1526656198
  },
  {
    "id": "970ae2e4-7336-44ba-9920-bac72f64dd46",
    "data": [
      {
        "text": "of course",
        "userDefined": false
      }
    ],
    "isTemplate": false,
    "count": 0,
    "updated": 1526656198
  },
  {
    "id": "42c7bdbb-8742-479c-9a09-96c19586ffd1",
    "data": [
      {
        "text": "I don\u0027t mind",
        "userDefined": false
      }
    ],
    "isTemplate": false,
    "count": 0,
    "updated": 1526656198
  },
  {
    "id": "eb9542cb-1148-49c9-8604-8db86bf432ea",
    "data": [
      {
        "text": "do it",
        "userDefined": false
      }
    ],
    "isTemplate": false,
    "count": 1,
    "updated": 1526656198
  },
  {
    "id": "e6f165bc-0d53-433c-86ce-98e18162f7b6",
    "data": [
      {
        "text": "ok",
        "userDefined": false
      }
    ],
    "isTemplate": false,
    "count": 0,
    "updated": 1526656198
  },
  {
    "id": "b2cf8c98-f050-4183-998d-f8de1dcedbe0",
    "data": [
      {
        "text": "sounds good",
        "userDefined": false
      }
    ],
    "isTemplate": false,
    "count": 0,
    "updated": 1526656198
  },
  {
    "id": "bfff8beb-9097-4c42-8112-7ba58ed9d66a",
    "data": [
      {
        "text": "confirm",
        "userDefined": false
      }
    ],
    "isTemplate": false,
    "count": 1,
    "updated": 1526656198
  },
  {
    "id": "1b11cc79-e95b-45d2-abcb-20ffef4ba65e",
    "data": [
      {
        "text": "that\u0027s correct",
        "userDefined": false
      }
    ],
    "isTemplate": false,
    "count": 0,
    "updated": 1526656198
  },
  {
    "id": "e9063d38-f5b8-4e08-875c-cc0edf15cebe",
    "data": [
      {
        "text": "I agree",
        "userDefined": false
      }
    ],
    "isTemplate": false,
    "count": 1,
    "updated": 1526656198
  },
  {
    "id": "7453a95e-1b35-4d19-8524-608eae67e973",
    "data": [
      {
        "text": "yes",
        "userDefined": false
      }
    ],
    "isTemplate": false,
    "count": 0,
    "updated": 1526656198
  },
  {
    "id": "7be4d644-aa03-4169-a7f9-6552f9636f4e",
    "data": [
      {
        "text": "exactly",
        "userDefined": false
      }
    ],
    "isTemplate": false,
    "count": 0,
    "updated": 1526656198
  },
  {
    "id": "af5dd44e-4606-4b06-8598-ebedac071533",
    "data": [
      {
        "text": "sure",
        "userDefined": false
      }
    ],
    "isTemplate": false,
    "count": 2,
    "updated": 1526656198
  }
]