[
  {
    "id": "f670b336-6737-4935-a1c0-86d06de3ba5c",
    "data": [
      {
        "text": "4",
        "alias": "number_adults",
        "meta": "@sys.number",
        "userDefined": true
      }
    ],
    "isTemplate": false,
    "count": 0,
    "updated": 1526653602
  },
  {
    "id": "8095ee48-dd56-486b-913c-88780da7b2c5",
    "data": [
      {
        "text": "2",
        "alias": "number_adults",
        "meta": "@sys.number",
        "userDefined": false
      },
      {
        "text": " people",
        "userDefined": false
      }
    ],
    "isTemplate": false,
    "count": 0,
    "updated": 1526653602
  },
  {
    "id": "ac82e254-7a41-478e-8d6b-b614794a8ec4",
    "data": [
      {
        "text": "we are ",
        "userDefined": false
      },
      {
        "text": "2",
        "alias": "number_adults",
        "meta": "@sys.number",
        "userDefined": false
      },
      {
        "text": " adults",
        "userDefined": false
      }
    ],
    "isTemplate": false,
    "count": 0,
    "updated": 1526653602
  }
]