[
  {
    "id": "2fdb0ed6-672a-4526-8cc4-6b7ce90e6516",
    "data": [
      {
        "text": "f",
        "alias": "any",
        "meta": "@sys.any",
        "userDefined": true
      }
    ],
    "isTemplate": false,
    "count": 0,
    "updated": 1526678902
  },
  {
    "id": "e00546ff-5261-4f4a-99ed-8b3ef87f9170",
    "data": [
      {
        "text": "m",
        "alias": "any",
        "meta": "@sys.any",
        "userDefined": true
      }
    ],
    "isTemplate": false,
    "count": 0,
    "updated": 1526678902
  },
  {
    "id": "53a85dd4-e882-485f-887a-c2bb44726310",
    "data": [
      {
        "text": "femenine",
        "alias": "any",
        "meta": "@sys.any",
        "userDefined": true
      }
    ],
    "isTemplate": false,
    "count": 0,
    "updated": 1526678902
  },
  {
    "id": "cafc65d4-3d15-474f-ab57-395e79c3a133",
    "data": [
      {
        "text": "masculine",
        "alias": "any",
        "meta": "@sys.any",
        "userDefined": true
      }
    ],
    "isTemplate": false,
    "count": 0,
    "updated": 1526678902
  }
]