[
  {
    "id": "729821e2-21d4-480e-a888-14b0c3db9d3c",
    "data": [
      {
        "text": "I disagree",
        "userDefined": false
      }
    ],
    "isTemplate": false,
    "count": 2,
    "updated": 1520470718
  },
  {
    "id": "39c3afb9-6852-4fb7-91eb-51c1483d90c6",
    "data": [
      {
        "text": "not really",
        "userDefined": false
      }
    ],
    "isTemplate": false,
    "count": 0,
    "updated": 1520470718
  },
  {
    "id": "9e15c9d3-be49-4800-8e2e-f8adfc8c580b",
    "data": [
      {
        "text": "no",
        "userDefined": false
      }
    ],
    "isTemplate": false,
    "count": 1,
    "updated": 1520470718
  },
  {
    "id": "8fd621df-22b8-4a53-a331-58a7352de88b",
    "data": [
      {
        "text": "not interested",
        "userDefined": false
      }
    ],
    "isTemplate": false,
    "count": 0,
    "updated": 1520470718
  },
  {
    "id": "7ff2d1a0-43d3-4bb1-9a0d-d547a97a5b2d",
    "data": [
      {
        "text": "I don\u0027t want that",
        "userDefined": false
      }
    ],
    "isTemplate": false,
    "count": 0,
    "updated": 1520470718
  },
  {
    "id": "b8d18251-d979-4883-adac-21c6cb79c528",
    "data": [
      {
        "text": "I don\u0027t think so",
        "userDefined": false
      }
    ],
    "isTemplate": false,
    "count": 0,
    "updated": 1520470718
  },
  {
    "id": "9bf5c2d0-da36-415a-96af-370f933c6705",
    "data": [
      {
        "text": "definitely not",
        "userDefined": false
      }
    ],
    "isTemplate": false,
    "count": 1,
    "updated": 1520470718
  },
  {
    "id": "48bc747e-380c-46c1-957b-7e9ef9d1dd17",
    "data": [
      {
        "text": "don\u0027t do it",
        "userDefined": false
      }
    ],
    "isTemplate": false,
    "count": 0,
    "updated": 1520470718
  }
]