[
  {
    "id": "2a1aed2e-e795-4101-85dc-7005470e4bef",
    "data": [
      {
        "text": "7",
        "alias": "number_kids",
        "meta": "@sys.number",
        "userDefined": false
      },
      {
        "text": " kids",
        "userDefined": false
      }
    ],
    "isTemplate": false,
    "count": 0,
    "updated": 1526678761
  },
  {
    "id": "317e1567-23c4-4109-9ec7-26eb5c8ca989",
    "data": [
      {
        "text": "\n I believe that ",
        "userDefined": false
      },
      {
        "text": "2",
        "alias": "number_kids",
        "meta": "@sys.number",
        "userDefined": true
      },
      {
        "text": " children",
        "userDefined": false
      }
    ],
    "isTemplate": false,
    "count": 0,
    "updated": 1526678761
  },
  {
    "id": "ea5b7d38-d4a4-4fdc-b663-b8506b39dee9",
    "data": [
      {
        "text": "I want to include ",
        "userDefined": false
      },
      {
        "text": "4",
        "alias": "number_kids",
        "meta": "@sys.number",
        "userDefined": false
      },
      {
        "text": " kids",
        "userDefined": false
      }
    ],
    "isTemplate": false,
    "count": 0,
    "updated": 1526678761
  },
  {
    "id": "884fb8e9-f790-4bc1-b25e-ed2bed8007ed",
    "data": [
      {
        "text": "I want to include ",
        "userDefined": false
      },
      {
        "text": "4",
        "alias": "number_kids",
        "meta": "@sys.number",
        "userDefined": false
      },
      {
        "text": " children",
        "userDefined": false
      }
    ],
    "isTemplate": false,
    "count": 0,
    "updated": 1526678761
  },
  {
    "id": "cf18e38a-acfd-43b5-992d-b360b8a24220",
    "data": [
      {
        "text": "4",
        "alias": "number_kids",
        "meta": "@sys.number",
        "userDefined": true
      }
    ],
    "isTemplate": false,
    "count": 0,
    "updated": 1526678761
  }
]