[
  {
    "id": "0da196f2-b665-43f5-b1dc-db96ecc4543c",
    "data": [
      {
        "text": "Pedro",
        "alias": "given-name",
        "meta": "@sys.given-name",
        "userDefined": false
      },
      {
        "text": ", I am ",
        "userDefined": false
      },
      {
        "text": "20 years old",
        "alias": "age",
        "meta": "@sys.age",
        "userDefined": false
      }
    ],
    "isTemplate": false,
    "count": 0,
    "updated": 1526653712
  },
  {
    "id": "27eb1d72-51bb-4617-8e61-1548f634da04",
    "data": [
      {
        "text": "my name is ",
        "userDefined": false
      },
      {
        "text": "pedro",
        "alias": "given-name",
        "meta": "@sys.given-name",
        "userDefined": false
      },
      {
        "text": " , ",
        "userDefined": false
      },
      {
        "text": "24",
        "alias": "age",
        "meta": "@sys.age",
        "userDefined": false
      }
    ],
    "isTemplate": false,
    "count": 0,
    "updated": 1526653148
  },
  {
    "id": "ee48e01e-7b82-44b4-804f-4d1403f4548e",
    "data": [
      {
        "text": "maria",
        "alias": "given-name",
        "meta": "@sys.given-name",
        "userDefined": false
      },
      {
        "text": ", ",
        "userDefined": false
      },
      {
        "text": "24 years old",
        "alias": "age",
        "meta": "@sys.age",
        "userDefined": false
      }
    ],
    "isTemplate": false,
    "count": 0,
    "updated": 1526653148
  },
  {
    "id": "16be151b-8c74-4750-a984-b6dce25e81ea",
    "data": [
      {
        "text": "my name is ",
        "userDefined": false
      },
      {
        "text": "Michael",
        "alias": "given-name",
        "meta": "@sys.given-name",
        "userDefined": false
      },
      {
        "text": " , i am ",
        "userDefined": false
      },
      {
        "text": "25 years old",
        "alias": "age",
        "meta": "@sys.age",
        "userDefined": false
      }
    ],
    "isTemplate": false,
    "count": 0,
    "updated": 1526653148
  }
]