[
  {
    "id": "6f984ca6-4835-4325-acd0-8bca0bac53dc",
    "data": [
      {
        "text": "is it hot in ",
        "userDefined": false
      },
      {
        "text": "Palo Alto",
        "alias": "geo-city",
        "meta": "@sys.geo-city",
        "userDefined": false
      }
    ],
    "isTemplate": false,
    "count": 0,
    "updated": 1526586637
  },
  {
    "id": "0c17b653-0552-4f4c-9328-5aa60dcc71c7",
    "data": [
      {
        "text": "how is the weather in ",
        "userDefined": false
      },
      {
        "text": "Antioquia",
        "alias": "geo-city",
        "meta": "@sys.geo-city",
        "userDefined": true
      }
    ],
    "isTemplate": false,
    "count": 0,
    "updated": 1526586637
  }
]